PassengerId,Survived,Pclass,Sex,Age,SibSp,Parch,Fare,Sex_Encoded,Embarked_Q,Embarked_S,Embarked_nan,Age_Scaled,Fare_Scaled,FamilySize,IsAlone
1,0,1,female,27.0,0,0,11.092128879607143,0,True,False,False,0.041672887399076354,-0.974099674784325,1,1
2,1,2,female,38.0,0,0,30.84006885032849,0,False,True,False,0.7770767826768925,-0.136319844702757,1,1
3,1,3,male,4.0,0,1,7.423259165487615,1,False,True,False,-1.4959898027272664,-1.1297465447993038,2,0
4,0,3,male,14.0,1,0,19.022875728295634,1,False,True,False,-0.827440807020161,-0.6376483914016018,2,0
5,0,3,female,35.0,0,1,20.943036878875585,0,False,False,False,0.5765120839647608,-0.5561881335292796,2,0
6,0,1,male,54.0,0,0,22.384011055660025,1,False,True,False,1.8467551758082614,-0.49505673943104755,1,1
7,0,2,male,26.0,0,0,42.919295060934324,1,False,True,False,-0.02518201217163421,0.3761251038458956,1,1
8,1,2,female,4.0,0,0,22.008060281342196,0,False,True,False,-1.4959898027272664,-0.5110059460973629,1,1
9,1,2,female,22.0,0,0,25.113937566917855,0,False,True,False,-0.29260161045447647,-0.3792432737162634,1,1
10,1,3,male,27.0,1,0,15.386319461959337,1,False,True,False,0.041672887399076354,-0.7919244067941074,2,0
11,0,1,female,54.0,1,0,21.26631201652029,0,False,False,False,1.8467551758082614,-0.5424736200009259,2,0
12,1,3,male,35.0,1,0,14.984752925991465,1,False,True,False,0.5765120839647608,-0.8089603277442621,2,0
13,1,3,male,14.0,0,0,9.530392647661618,1,False,True,False,-0.827440807020161,-1.0403542368789738,1,1
14,0,2,male,27.0,0,0,34.99848785955369,1,False,True,False,0.041672887399076354,0.04009549665040978,1,1
15,0,3,female,35.0,0,1,40.34784425213207,0,False,True,False,0.5765120839647608,0.2670347569613354,2,0
16,0,2,female,54.0,0,2,36.23731190445255,0,False,False,False,1.8467551758082614,0.09265094290835246,3,0
17,0,1,female,35.0,1,2,25.930328450508423,0,False,True,False,0.5765120839647608,-0.34460898696287584,4,0
18,0,2,female,54.0,0,0,21.580710343396998,0,False,True,False,1.8467551758082614,-0.5291356932470864,1,1
19,0,1,female,54.0,0,0,66.95638165684265,0,False,True,False,1.8467551758082614,1.395866218809414,1,1
20,0,2,male,2.0,0,0,29.21174164404781,1,True,False,False,-1.6296996018686876,-0.20539943944618747,1,1
21,1,3,male,26.0,0,0,26.820631745457483,1,False,False,False,-0.02518201217163421,-0.30683906542830885,1,1
22,0,3,male,27.0,0,0,8.029296618260434,1,False,True,False,0.041672887399076354,-1.104036219825669,1,1
23,0,1,male,2.0,0,0,19.77223644232393,1,False,True,False,-1.6296996018686876,-0.6058577695646297,1,1
24,0,1,female,14.0,0,0,21.600540946964156,0,False,True,False,-0.827440807020161,-0.5282944065249504,1,1
25,0,1,male,2.0,1,0,22.515965425939974,1,False,False,False,-1.6296996018686876,-0.48945875249795184,2,0
26,1,2,female,38.0,1,0,33.28733164595812,0,False,True,False,0.7770767826768925,-0.03249800748189759,2,0
27,0,2,male,38.0,0,0,30.131513130586065,1,False,True,False,0.7770767826768925,-0.16637936946175635,1,1
28,0,1,female,27.0,0,0,35.33754074824459,0,False,True,False,0.041672887399076354,0.054479360076026224,1,1
29,0,3,female,35.0,0,2,50.68019386360643,0,False,True,False,0.5765120839647608,0.70537081199686,3,0
30,0,2,male,26.0,0,0,57.54711204455494,1,False,True,False,-0.02518201217163421,0.9966905929638127,1,1
31,1,2,male,27.0,0,0,45.238542314941725,1,False,False,False,0.041672887399076354,0.4745160536492785,1,1
32,0,2,male,54.0,0,0,89.92207984261105,1,False,True,False,1.8467551758082614,2.3701551194392265,1,1
33,0,1,male,22.0,0,0,7.802025337481001,1,False,True,False,-0.29260161045447647,-1.1136778986679234,1,1
34,1,1,female,26.0,0,0,13.78639732137539,0,False,True,False,-0.02518201217163421,-0.8597989547757924,1,1
35,1,1,male,26.0,0,0,7.477748555942471,1,True,False,False,-0.02518201217163421,-1.1274349055931792,1,1
36,1,1,male,54.0,0,0,38.52898779223255,1,False,True,False,1.8467551758082614,0.18987221453024644,1,1
37,0,1,female,54.0,2,0,75.7424603019943,0,False,False,False,1.8467551758082614,1.7686038048731603,3,0
38,0,3,male,27.0,1,0,15.620880328333204,1,False,True,False,0.041672887399076354,-0.7819734770735476,2,0
39,1,3,male,27.0,0,0,85.78307498671157,1,False,True,False,0.041672887399076354,2.194563397466031,1,1
40,0,1,male,54.0,1,2,9.114797058161619,1,False,True,False,1.8467551758082614,-1.057985321583007,4,0
41,0,2,male,38.0,0,0,88.99186769000355,1,False,True,False,0.7770767826768925,2.330692118219517,1,1
42,0,1,male,14.0,1,0,20.248474379196153,1,False,True,False,-0.827440807020161,-0.5856540147212006,2,0
43,0,3,female,22.0,1,1,10.458213841758106,0,False,False,False,-0.29260161045447647,-1.000992668862832,3,0
44,1,3,male,27.0,0,0,27.208476466982347,1,False,True,False,0.041672887399076354,-0.29038527402632575,1,1
45,0,2,male,4.0,0,0,16.152756892345156,1,False,True,False,-1.4959898027272664,-0.7594093282011615,1,1
46,1,3,male,38.0,0,0,17.30884977774986,1,False,True,False,0.7770767826768925,-0.7103636402697188,1,1
47,0,1,male,35.0,0,0,18.264313614838358,1,True,False,False,0.5765120839647608,-0.6698293702510801,1,1
48,0,2,male,54.0,0,2,55.9904905989627,1,False,False,False,1.8467551758082614,0.9306530188106056,3,0
49,0,1,female,4.0,0,0,30.49121414414781,0,False,True,False,-1.4959898027272664,-0.15111953707069606,1,1
50,0,1,male,54.0,0,1,18.43882087260358,1,True,False,False,1.8467551758082614,-0.6624261342185976,2,0
51,1,2,female,26.0,1,0,35.52394282863537,0,False,True,False,-0.02518201217163421,0.062387217982631575,2,0
52,1,1,female,38.0,3,0,45.029351739443044,0,False,True,False,0.7770767826768925,0.46564142444462286,4,0
53,1,3,male,26.0,0,0,16.79935226624138,1,False,False,False,-0.02518201217163421,-0.7319783878966309,1,1
54,1,1,male,27.0,0,0,23.259990018773063,1,False,False,False,0.041672887399076354,-0.4578945084358182,1,1
55,0,2,male,26.0,0,0,11.149368785642016,1,False,True,False,-0.02518201217163421,-0.9716713486488963,1,1
56,1,2,male,27.0,0,1,13.24560703166416,1,False,True,False,0.041672887399076354,-0.8827412564890725,2,0
57,0,2,female,27.0,2,0,41.53801077878511,0,False,True,False,0.041672887399076354,0.3175259733589174,3,0
58,0,1,male,4.0,0,2,13.256196844509418,1,True,False,False,-1.4959898027272664,-0.882291997902139,3,0
59,0,2,male,54.0,0,0,29.593534991963,1,False,True,False,1.8467551758082614,-0.18920236944208116,1,1
60,0,2,male,35.0,0,1,44.287729983190566,1,False,True,False,0.5765120839647608,0.4341791174972061,2,0
61,0,1,male,26.0,0,0,10.640926505614113,1,False,True,False,-0.02518201217163421,-0.9932413294975115,1,1
62,0,3,male,38.0,0,0,32.382166177044404,1,False,True,False,0.7770767826768925,-0.07089843678574134,1,1
63,1,1,male,27.0,1,1,16.144128802774524,1,False,True,False,0.041672887399076354,-0.7597753633129315,3,0
64,0,2,female,54.0,0,0,89.92207984261105,0,True,False,False,1.8467551758082614,2.3701551194392265,1,1
65,0,2,female,22.0,0,0,27.073051139804214,0,False,True,False,-0.29260161045447647,-0.2961305116440342,1,1
66,0,1,male,27.0,0,0,56.445761523060774,1,False,True,False,0.041672887399076354,0.9499672762975869,1,1
67,0,3,male,4.0,2,0,31.220337499808334,1,False,True,False,-1.4959898027272664,-0.12018745798196959,3,0
68,1,2,male,35.0,1,1,8.581491478395984,1,False,False,False,0.5765120839647608,-1.0806100945294528,3,0
69,0,2,female,2.0,0,0,37.33417950723057,0,False,True,False,-1.6296996018686876,0.13918407776899006,1,1
70,1,2,male,4.0,0,0,89.92207984261105,1,False,True,False,-1.4959898027272664,2.3701551194392265,1,1
71,1,1,female,22.0,0,0,34.859852682614736,0,False,False,False,-0.29260161045447647,0.034214085467701834,1,1
72,0,2,male,27.0,0,0,58.55906644123188,1,False,False,False,0.041672887399076354,1.0396213991013266,1,1
73,0,3,male,22.0,2,0,71.928395904621,1,False,False,False,-0.29260161045447647,1.6067972454300465,3,0
74,1,2,male,26.0,0,0,15.016221975095007,1,True,False,False,-0.02518201217163421,-0.807625295601675,1,1
75,1,2,male,27.0,0,0,14.399422825404674,1,False,True,False,0.041672887399076354,-0.8337921711131538,1,1
76,1,3,female,35.0,0,0,35.57381194128591,0,False,False,False,0.5765120839647608,0.06450284810833741,1,1
77,1,2,female,14.0,0,0,23.131322970007318,0,False,True,False,-0.827440807020161,-0.4633530351688284,1,1
78,0,1,male,27.0,0,0,62.20144946506771,1,False,False,False,0.041672887399076354,1.194144606854915,1,1
79,0,1,male,14.0,1,0,76.33449061138568,1,False,False,False,-0.827440807020161,1.7937198956016316,2,0
80,0,1,female,27.0,0,0,20.331814352705443,0,False,False,False,0.041672887399076354,-0.5821184282777978,1,1
81,1,3,female,54.0,0,0,15.359828438253292,0,False,True,False,1.8467551758082614,-0.7930482528951206,1,1
82,1,2,female,2.0,0,0,52.74557887377346,0,False,True,False,-1.6296996018686876,0.7929919970640711,1,1
83,0,1,female,38.0,0,0,16.889483682024974,0,False,True,False,0.7770767826768925,-0.72815468363623,1,1
84,0,3,male,27.0,0,0,59.13286776557105,1,False,False,True,0.041672887399076354,1.0639641496220478,1,1
85,0,2,female,35.0,0,0,23.785799022662307,0,True,False,False,0.5765120839647608,-0.4355877676523846,1,1
86,0,3,male,22.0,1,0,40.28796509616111,1,False,True,False,-0.29260161045447647,0.26449446419210704,2,0
87,1,1,female,35.0,0,0,10.262360518733773,0,False,True,False,0.5765120839647608,-1.0093014830443368,1,1
88,1,1,female,27.0,0,0,36.583762071961225,0,False,True,False,0.041672887399076354,0.10734862595263352,1,1
89,1,1,female,14.0,0,0,25.28168413888355,0,False,False,False,-0.827440807020161,-0.37212685069864515,1,1
90,0,3,female,22.0,0,0,33.750803121998146,0,False,False,False,-0.29260161045447647,-0.012835852592823138,1,1
91,0,3,female,38.0,2,1,12.768197447694739,0,False,True,False,0.7770767826768925,-0.9029947168869777,4,0
92,1,1,male,38.0,1,0,47.30363914245598,1,False,True,False,0.7770767826768925,0.5621250129544997,2,0
93,1,3,male,27.0,0,0,66.83882789635632,1,False,False,False,0.041672887399076354,1.390879158405559,1,1
94,0,1,female,27.0,0,0,14.578709800656181,0,False,False,False,0.041672887399076354,-0.8261861619858859,1,1
95,1,1,female,54.0,0,0,10.26830633788403,0,False,True,False,1.8467551758082614,-1.009049239652632,1,1
96,0,2,male,27.0,0,0,7.96767379794722,1,False,True,False,0.041672887399076354,-1.1066504852127268,1,1
97,0,3,female,14.0,0,2,38.06428064148762,0,False,True,False,-0.827440807020161,0.17015763780143361,3,0
98,0,1,female,35.0,0,0,35.275549199717545,0,False,True,False,0.5765120839647608,0.0518494518897302,1,1
99,0,1,male,38.0,0,0,30.98586240150697,1,False,True,False,0.7770767826768925,-0.13013474910724737,1,1
100,0,3,female,35.0,0,0,15.166899888238664,0,False,True,False,0.5765120839647608,-0.8012329875099097,1,1
101,0,2,female,35.0,1,0,22.123479951956156,0,False,False,False,0.5765120839647608,-0.5061094215900778,2,0
102,1,2,male,35.0,0,0,34.32728142617966,1,False,True,False,0.5765120839647608,0.0116204652022961,1,1
103,0,1,male,38.0,0,0,27.851051449757477,1,False,False,False,0.7770767826768925,-0.2631248934153778,1,1
104,0,3,male,4.0,1,0,89.92207984261105,1,False,True,False,-1.4959898027272664,2.3701551194392265,2,0
105,1,2,female,26.0,0,0,11.65074837845982,0,False,True,False,-0.02518201217163421,-0.9504009928193752,1,1
106,0,3,male,14.0,0,0,42.88752687261391,1,False,True,False,-0.827440807020161,0.3747773811238023,1,1
107,0,3,male,4.0,0,0,22.79148802431198,1,False,True,False,-1.4959898027272664,-0.47777007631248847,1,1
108,1,1,male,14.0,0,0,24.018959769551472,1,False,False,False,-0.827440807020161,-0.4256962361204827,1,1
109,0,2,male,22.0,1,0,45.18268584257159,1,False,False,True,-0.29260161045447647,0.4721464178290061,2,0
110,0,1,male,27.0,1,0,42.62217725959444,1,False,True,False,0.041672887399076354,0.36352028017872867,2,0
111,0,2,male,27.0,0,0,89.92207984261105,1,False,True,False,0.041672887399076354,2.3701551194392265,1,1
112,0,2,female,2.0,0,0,11.372543724097493,0,False,False,False,-1.6296996018686876,-0.9622034516279968,1,1
113,1,2,female,27.0,0,0,10.548117501219663,0,False,True,False,0.041672887399076354,-0.997178626858497,1,1
114,1,2,male,38.0,0,1,45.90748297020627,1,False,True,False,0.7770767826768925,0.5028949625042314,2,0
115,1,2,male,54.0,0,0,33.16001751403941,1,False,False,False,1.8467551758082614,-0.03789913853475557,1,1
116,1,3,male,27.0,2,0,16.862797773500784,1,False,True,False,0.041672887399076354,-0.729286797463906,3,0
117,1,1,female,2.0,0,0,9.732520620433924,0,False,True,False,-1.6296996018686876,-1.0317792291093035,1,1
118,0,3,female,27.0,3,0,9.936526131917239,0,False,True,False,0.041672887399076354,-1.0231245692815143,4,0
119,1,2,female,14.0,0,0,74.63355537396768,0,False,False,False,-0.827440807020161,1.7215600026560107,1,1
120,0,1,female,27.0,0,0,13.64087095579892,0,False,True,False,0.041672887399076354,-0.8659727153809897,1,1
121,1,2,female,27.0,0,1,18.96898978842742,0,False,True,False,0.041672887399076354,-0.6399344300270741,2,0
122,1,1,female,2.0,1,0,14.960954902868998,0,False,False,False,-1.6296996018686876,-0.8099699269124476,2,0
123,0,3,female,22.0,1,0,20.404977044312623,0,False,True,False,-0.29260161045447647,-0.5790145993501299,2,0
124,0,1,female,35.0,1,0,9.408540821948895,0,False,False,False,0.5765120839647608,-1.0455236369273881,2,0
125,0,1,female,27.0,0,1,29.210369660766045,0,False,True,False,0.041672887399076354,-0.20545764399422514,2,0
126,0,1,male,27.0,0,0,9.350205391323241,1,True,False,False,0.041672887399076354,-1.0479984392221973,1,1
127,1,1,male,38.0,1,1,55.58666126477756,1,False,True,False,0.7770767826768925,0.9135211016852154,3,0
128,1,1,male,2.0,0,0,15.23591923052618,1,False,True,False,-1.6296996018686876,-0.7983049346122553,1,1
129,0,2,male,38.0,0,1,30.54664073445784,1,False,True,False,0.7770767826768925,-0.1487681384194554,2,0
130,0,1,female,54.0,0,0,70.87768449469226,0,False,True,False,1.8467551758082614,1.5622222250593163,1,1
131,0,1,female,54.0,3,1,38.81996121230792,0,False,False,False,1.8467551758082614,0.20221637107469717,5,0
132,0,3,male,38.0,2,0,30.090068977241952,1,False,False,True,0.7770767826768925,-0.16813758200432957,3,0
133,0,1,female,2.0,0,1,19.01168127452438,0,False,True,False,-1.6296996018686876,-0.6381233010677362,2,0
134,0,3,male,38.0,1,0,19.399043036715405,1,False,True,False,0.7770767826768925,-0.6216899985668354,2,0
135,1,2,female,27.0,2,0,40.46327451709208,0,False,False,False,0.041672887399076354,0.2719317309195227,3,0
136,0,1,male,4.0,0,0,89.92207984261105,1,False,False,False,-1.4959898027272664,2.3701551194392265,1,1
137,0,3,female,26.0,0,0,39.777011808956935,0,False,True,False,-0.02518201217163421,0.24281795723653643,1,1
138,1,3,female,27.0,2,0,31.728665329039437,0,False,True,False,0.041672887399076354,-0.09862233255469142,3,0
139,0,2,male,26.0,0,0,46.60236572578434,1,False,True,False,-0.02518201217163421,0.5323744301225211,1,1
140,1,1,female,2.0,0,0,26.026187839472268,0,False,True,False,-1.6296996018686876,-0.3405422811334617,1,1
141,1,1,male,26.0,0,0,9.110805304496527,1,False,True,False,-0.02518201217163421,-1.0581546663709813,1,1
142,0,3,male,54.0,2,1,32.03642780431883,1,False,True,False,1.8467551758082614,-0.08556592289235045,4,0
143,0,1,male,14.0,3,0,89.92207984261105,1,False,True,False,-0.827440807020161,2.3701551194392265,4,0
144,0,3,male,27.0,2,2,13.032174888221107,1,False,False,False,0.041672887399076354,-0.8917958285169788,5,0
145,0,1,female,35.0,0,0,42.38596275404774,0,False,True,False,0.5765120839647608,0.3534991970372406,1,1
146,0,3,female,2.0,1,0,13.979340312267738,0,False,True,False,-1.6296996018686876,-0.8516136075261614,2,0
147,1,1,female,27.0,1,0,30.274982780793394,0,False,True,False,0.041672887399076354,-0.16029286224374967,2,0
148,0,2,male,26.0,0,0,10.300234511070826,1,False,True,False,-0.02518201217163421,-1.0076947297874557,1,1
149,0,1,female,54.0,1,0,25.20534973537642,0,False,True,False,1.8467551758082614,-0.3753652352437874,2,0
150,0,1,male,22.0,0,0,49.5876997562737,1,False,True,False,-0.29260161045447647,0.6590232168065097,1,1
151,1,2,female,4.0,0,0,20.061612844563626,0,False,True,False,-1.4959898027272664,-0.5935813643569258,1,1
152,0,1,female,35.0,0,0,40.050838186282654,0,False,True,False,0.5765120839647608,0.2544346735222814,1,1
153,0,2,female,4.0,0,2,54.858279287490504,0,False,True,False,-1.4959898027272664,0.8826204745782484,3,0
154,0,1,male,27.0,0,2,85.84204078112627,1,False,True,False,0.041672887399076354,2.197064942097958,3,0
155,1,3,female,54.0,0,0,15.272350631466669,0,False,False,False,1.8467551758082614,-0.7967593813578495,1,1
156,0,3,female,54.0,0,0,22.540583987436044,0,False,True,False,1.8467551758082614,-0.48841434309131965,1,1
157,1,1,male,26.0,1,0,12.210960359672084,1,False,False,False,-0.02518201217163421,-0.9266347519291601,2,0
158,1,1,female,27.0,0,0,89.92207984261105,0,False,True,False,0.041672887399076354,2.3701551194392265,1,1
159,0,1,male,26.0,0,0,85.76927291475717,1,False,True,False,-0.02518201217163421,2.193977863100731,1,1
160,1,3,female,27.0,0,0,30.54306796397368,0,False,True,False,0.041672887399076354,-0.1489197084087088,1,1
161,0,1,male,27.0,1,0,62.61112976185915,1,False,True,False,0.041672887399076354,1.2115247432105332,2,0
162,1,3,male,35.0,0,1,29.329008658948588,1,False,False,False,0.5765120839647608,-0.2004245438386757,2,0
163,1,2,female,26.0,0,0,36.56194545865192,0,False,False,False,-0.02518201217163421,0.10642308543456816,1,1
164,0,3,male,22.0,1,0,10.050469386290654,1,False,False,False,-0.29260161045447647,-1.0182906797502806,2,0
165,0,3,male,38.0,0,0,49.47804305467216,1,False,True,False,0.7770767826768925,0.6543711785194151,1,1
166,1,2,male,38.0,0,0,11.349120056867214,1,False,True,False,0.7770767826768925,-0.9631971692502483,1,1
167,0,3,male,26.0,0,0,59.72266204806018,1,False,True,False,-0.02518201217163421,1.0889853799123672,1,1
168,0,1,male,26.0,1,2,52.95167201055995,1,False,True,False,-0.02518201217163421,0.8017352215914878,4,0
169,0,1,male,4.0,0,0,44.25665207280827,1,False,True,False,-1.4959898027272664,0.4328606788895351,1,1
170,0,3,female,35.0,1,1,8.354911041546593,0,False,True,False,0.5765120839647608,-1.0902224652458377,3,0
171,1,1,male,26.0,0,0,18.084621201546504,1,False,True,False,-0.02518201217163421,-0.6774525795426718,1,1
172,0,3,male,4.0,2,0,16.409604175373822,1,False,True,False,-1.4959898027272664,-0.7485129271865898,3,0
173,0,1,female,27.0,1,0,20.64500786058551,0,False,False,False,0.041672887399076354,-0.5688316143517158,2,0
174,0,1,female,54.0,3,0,10.001709217171328,0,False,False,True,1.8467551758082614,-1.020359264436081,4,0
175,1,3,female,54.0,0,1,89.92207984261105,0,True,False,False,1.8467551758082614,2.3701551194392265,2,0
176,0,1,female,27.0,1,1,31.459790562895446,0,False,True,False,0.041672887399076354,-0.11002898338648986,3,0
177,1,3,female,2.0,0,0,18.187943658428065,0,False,True,False,-1.6296996018686876,-0.6730692630803885,1,1
178,0,1,female,4.0,0,0,22.424222933197974,0,False,True,False,-1.4959898027272664,-0.4933508045344988,1,1
179,1,1,female,4.0,0,0,25.032908067278907,0,False,False,False,-1.4959898027272664,-0.3826808414088814,1,1
180,0,2,male,27.0,1,1,34.783330106623765,1,False,True,False,0.041672887399076354,0.030967717957664384,3,0
181,0,2,male,22.0,3,0,29.00024756136319,1,False,True,False,-0.29260161045447647,-0.21437179184939897,4,0
182,0,3,female,14.0,1,0,82.7947113955294,0,False,False,False,-0.827440807020161,2.06778608573861,2,0
183,1,2,male,27.0,0,0,27.862775387623685,1,False,True,False,0.041672887399076354,-0.2626275210976576,1,1
184,1,3,male,27.0,0,0,89.92207984261105,1,False,True,False,0.041672887399076354,2.3701551194392265,1,1
185,0,2,male,26.0,1,0,64.44995339984841,1,False,True,False,-0.02518201217163421,1.2895343663544476,2,0
186,1,1,female,26.0,0,0,14.265160515182956,0,False,True,False,-0.02518201217163421,-0.8394880692985179,1,1
187,1,3,female,35.0,0,1,87.28398381766563,0,False,True,False,0.5765120839647608,2.2582374387700304,2,0
188,0,3,male,27.0,0,0,10.961383385298289,1,False,True,False,0.041672887399076354,-0.9796463767779711,1,1
189,0,1,female,35.0,0,0,58.27188722032177,0,False,True,False,0.5765120839647608,1.0274382063605276,1,1
190,0,3,male,27.0,0,2,21.621248560012916,1,False,True,False,0.041672887399076354,-0.5274159138534562,3,0
191,0,3,male,4.0,0,0,70.35571304729709,1,False,False,False,-1.4959898027272664,1.5400782874559762,1,1
192,1,2,male,27.0,0,1,68.0114875746688,1,False,True,False,0.041672887399076354,1.4406276702754912,2,0
193,1,3,male,4.0,0,0,56.43537975072343,1,False,True,False,-1.4959898027272664,0.9495268435497852,1,1
194,1,1,female,14.0,3,0,54.073780806927836,0,False,True,False,-0.827440807020161,0.8493391801890883,4,0
195,0,2,female,54.0,0,1,18.1514560877536,0,True,False,False,1.8467551758082614,-0.6746171992603173,2,0
196,0,2,female,38.0,0,0,9.781439876022484,0,False,True,False,0.7770767826768925,-1.0297038953937128,1,1
197,1,1,male,27.0,0,0,22.72414894226899,1,False,True,False,0.041672887399076354,-0.4806268464260025,1,1
198,1,1,female,14.0,0,0,12.967550700999727,0,False,False,False,-0.827440807020161,-0.8945374228640225,1,1
199,1,2,male,54.0,2,0,42.86849452932422,1,False,False,False,1.8467551758082614,0.3739699595218056,3,0
200,1,3,female,2.0,1,0,19.994012786393192,0,False,True,False,-1.6296996018686876,-0.5964492060321333,2,0
201,1,2,male,27.0,0,0,89.92207984261105,1,False,False,False,0.041672887399076354,2.3701551194392265,1,1
202,0,1,male,35.0,0,2,37.98065343608373,1,False,True,False,0.5765120839647608,0.1666098659306793,3,0
203,0,2,male,35.0,1,0,59.11025526229813,1,False,True,False,0.5765120839647608,1.0630048445412246,2,0
204,1,1,female,4.0,2,0,11.515046262996783,0,False,True,False,-1.4959898027272664,-0.9561579728083203,3,0
205,1,2,female,26.0,0,0,66.66819630009354,0,False,True,False,-0.02518201217163421,1.3836403421069718,1,1
206,0,3,female,54.0,0,0,84.07404345848398,0,False,False,False,1.8467551758082614,2.1220600302568258,1,1
207,0,2,female,2.0,0,0,27.27800421644748,0,False,True,False,-1.6296996018686876,-0.2874356526369953,1,1
208,1,2,male,14.0,3,2,35.21139649474972,1,False,True,False,-0.827440807020161,0.04912785954405254,6,0
209,0,1,female,27.0,0,0,50.67082202995513,0,False,False,False,0.041672887399076354,0.7049732245413796,1,1
210,0,1,female,54.0,2,0,13.015289253637379,0,False,False,False,1.8467551758082614,-0.8925121788853388,3,0
211,0,1,male,2.0,0,0,28.198776446491834,1,False,True,False,-1.6296996018686876,-0.2483731274534023,1,1
212,1,2,male,38.0,0,0,22.507994470087034,1,False,True,False,0.7770767826768925,-0.4897969095943358,1,1
213,1,3,male,27.0,0,0,11.99786333135783,1,False,True,False,0.041672887399076354,-0.9356751071478154,1,1
214,0,1,female,35.0,0,0,20.993884473701947,0,False,False,False,0.5765120839647608,-0.5540309926114501,1,1
215,1,1,male,14.0,0,1,9.368220881123307,1,False,True,False,-0.827440807020161,-1.0472341562637768,2,0
216,0,2,male,35.0,0,0,8.03452639906438,1,True,False,False,0.5765120839647608,-1.1038143533991056,1,1
217,0,1,male,14.0,0,0,11.606540969856908,1,False,True,False,-0.827440807020161,-0.9522764327550143,1,1
218,1,3,female,4.0,1,0,89.92207984261105,0,False,True,False,-1.4959898027272664,2.3701551194392265,2,0
219,1,3,male,26.0,0,0,31.173882996743686,1,False,True,False,-0.02518201217163421,-0.12215822788210734,1,1
220,1,1,female,14.0,0,0,89.92207984261105,0,False,True,False,-0.827440807020161,2.3701551194392265,1,1
221,1,1,female,35.0,3,0,24.245323730247495,0,False,True,False,0.5765120839647608,-0.4160930491141583,4,0
222,0,2,male,4.0,1,0,18.460976849921124,1,True,False,False,-1.4959898027272664,-0.6614861966382776,2,0
223,0,3,male,14.0,2,0,28.41520924331899,1,False,True,False,-0.827440807020161,-0.23919125673581015,3,0
224,0,3,female,38.0,3,0,24.61840671879645,0,False,True,False,0.7770767826768925,-0.40026550440740527,4,0
225,0,1,male,26.0,0,0,10.600235017951757,1,False,False,False,-0.02518201217163421,-0.9949676112094307,1,1
226,0,2,male,14.0,0,1,37.96847613192478,1,False,True,False,-0.827440807020161,0.1660932601568994,2,0
227,1,3,female,4.0,1,1,14.55184885994992,0,False,False,False,-1.4959898027272664,-0.8273257013188029,3,0
228,0,3,female,54.0,0,0,36.245008535172914,0,False,True,False,1.8467551758082614,0.09297746212942921,1,1
229,1,2,male,22.0,0,1,38.76190517973859,1,False,True,False,-0.29260161045447647,0.19975342186717185,2,0
230,1,2,female,2.0,1,0,12.197118546633392,0,False,True,False,-1.6296996018686876,-0.9272219722565852,2,0
231,1,3,male,22.0,0,0,9.14936626851594,1,False,True,False,-0.29260161045447647,-1.0565187692631381,1,1
232,0,3,male,22.0,0,0,52.77786479671791,1,True,False,False,-0.29260161045447647,0.794361683982227,1,1
233,0,2,male,27.0,0,0,25.72449866274159,1,False,True,False,0.041672887399076354,-0.3533410392618339,1,1
234,0,3,female,38.0,0,0,9.047717003114476,0,False,True,False,0.7770767826768925,-1.0608311028241177,1,1
235,0,1,male,54.0,0,1,89.92207984261105,1,False,True,False,1.8467551758082614,2.3701551194392265,2,0
236,1,1,male,27.0,0,0,9.03551244273271,1,False,True,False,0.041672887399076354,-1.0613488649065435,1,1
237,0,2,male,14.0,1,0,42.876770405004535,1,False,False,False,-0.827440807020161,0.37432105243233266,2,0
238,0,2,female,2.0,0,0,89.92207984261105,0,False,True,False,-1.6296996018686876,2.3701551194392265,1,1
239,1,2,female,26.0,0,1,15.450758508714411,0,False,True,False,-0.02518201217163421,-0.7891906667826873,2,0
240,0,1,female,54.0,1,0,11.853255837007548,0,True,False,False,1.8467551758082614,-0.9418098858753647,2,0
241,1,3,female,35.0,3,0,11.13225218072028,0,False,True,False,0.5765120839647608,-0.9723974976236333,4,0
242,1,1,female,27.0,1,0,18.090941178233294,0,True,False,False,0.041672887399076354,-0.6771844630200052,2,0
243,1,3,male,27.0,1,0,10.445696106546844,1,False,True,False,0.041672887399076354,-1.001523716966778,2,0
244,0,1,female,27.0,0,2,42.5953840978455,0,False,True,False,0.041672887399076354,0.36238361627704324,3,0
245,0,3,female,54.0,0,2,9.179493913985812,0,False,True,False,1.8467551758082614,-1.0552406443680893,3,0
246,1,1,female,4.0,0,0,28.615137573039107,0,False,False,False,-1.4959898027272664,-0.23070956586832003,1,1
247,0,2,male,22.0,0,2,89.92207984261105,1,False,False,True,-0.29260161045447647,2.3701551194392265,3,0
248,1,1,female,35.0,0,0,57.70546330030146,0,False,True,False,0.5765120839647608,1.0034084323095473,1,1
249,1,3,female,27.0,0,1,35.902462298596205,0,False,True,False,0.041672887399076354,0.07844539811162304,2,0
250,1,1,male,2.0,1,0,18.21946499260956,1,False,True,False,-1.6296996018686876,-0.6717320128135926,2,0
251,0,1,female,27.0,0,0,36.586674284570705,0,False,True,False,0.041672887399076354,0.10747217266123954,1,1
252,0,1,male,26.0,0,0,29.712426676386027,1,False,True,False,-0.02518201217163421,-0.18415854941215853,1,1
253,1,2,male,14.0,0,0,23.90813483950087,1,True,False,False,-0.827440807020161,-0.4303978349304978,1,1
254,0,1,male,27.0,0,0,11.452367775810353,1,False,True,False,0.041672887399076354,-0.9588170234446233,1,1
255,0,2,male,26.0,0,0,72.55613179436142,1,False,True,False,-0.02518201217163421,1.633428097449171,1,1
256,0,2,male,54.0,1,0,25.173365893783465,1,False,True,False,1.8467551758082614,-0.3767221067663274,2,0
257,1,1,female,54.0,0,0,13.743325461842407,0,False,True,False,1.8467551758082614,-0.8616262205672794,1,1
258,1,1,male,27.0,0,0,21.004555501488056,1,False,True,False,0.041672887399076354,-0.5535782885897294,1,1
259,0,1,male,27.0,0,0,23.28970803860402,1,False,True,False,0.041672887399076354,-0.45663376135833816,1,1
260,0,3,female,2.0,1,2,59.977332532716,0,False,False,False,-1.6296996018686876,1.0997894331795977,4,0
261,1,1,male,27.0,0,0,46.934309685778345,1,False,True,False,0.041672887399076354,0.5464567067960724,1,1
262,1,2,female,2.0,0,0,51.249749785105756,0,False,True,False,-1.6296996018686876,0.7295334570040406,1,1
263,0,1,female,38.0,0,0,7.582776800646016,0,False,True,False,0.7770767826768925,-1.1229792233735674,1,1
264,0,3,female,27.0,0,1,23.393540793229263,0,False,False,False,0.041672887399076354,-0.4522287961996527,2,0
265,1,1,male,38.0,1,0,26.94544163114482,1,False,False,False,0.7770767826768925,-0.3015441736583994,2,0
266,1,3,male,27.0,1,0,7.831365183993389,1,False,True,False,0.041672887399076354,-1.1124331950855644,2,0
267,1,3,male,27.0,0,1,16.27558112065479,1,False,False,False,0.041672887399076354,-0.7541986752785931,2,0
268,1,1,female,38.0,1,1,50.09974045143134,0,False,True,False,0.7770767826768925,0.6807458555840238,3,0
269,0,2,male,22.0,1,0,11.674031520016678,1,False,True,False,-0.29260161045447647,-0.9494132368100806,2,0
270,0,3,male,27.0,1,0,30.241551357945745,1,False,True,False,0.041672887399076354,-0.16171114545679435,2,0
271,1,1,male,38.0,1,0,14.519862682306814,1,False,True,False,0.7770767826768925,-0.8286826719451331,2,0
272,1,1,female,22.0,0,1,7.6158449074633285,0,False,True,False,-0.29260161045447647,-1.1215763533551453,2,0
273,1,2,female,22.0,0,0,15.53056885550898,0,True,False,False,-0.29260161045447647,-0.7858048200120652,1,1
274,1,3,male,54.0,0,0,89.92207984261105,1,False,False,False,1.8467551758082614,2.3701551194392265,1,1
275,0,3,male,27.0,1,1,55.76459473884642,1,False,True,False,0.041672887399076354,0.9210696903426775,3,0
276,0,1,male,22.0,0,0,89.92207984261105,1,False,True,False,-0.29260161045447647,2.3701551194392265,1,1
277,1,1,male,54.0,1,0,27.324368723335038,1,False,True,False,1.8467551758082614,-0.28546870070379804,2,0
278,1,2,female,38.0,1,0,10.737123625855775,0,False,True,False,0.7770767826768925,-0.9891602958722381,2,0
279,1,2,female,26.0,0,0,31.069504310050835,0,False,True,False,-0.02518201217163421,-0.12658635347552738,1,1
280,1,3,female,27.0,1,0,25.424828932607856,0,False,True,False,0.041672887399076354,-0.3660541250806206,2,0
281,1,3,female,27.0,0,0,63.055726621994275,0,False,True,False,0.041672887399076354,1.2303861678700694,1,1
282,0,1,male,2.0,0,0,10.346969482598714,1,False,False,False,-1.6296996018686876,-1.0057120613894581,1,1
283,0,3,male,2.0,1,0,27.347052068895387,1,False,True,False,-1.6296996018686876,-0.28450639023407787,2,0
284,0,2,male,38.0,0,2,12.127285511537734,1,False,True,False,0.7770767826768925,-0.9301845449787658,3,0
285,0,2,female,4.0,1,0,19.026877850411132,0,False,False,False,-1.4959898027272664,-0.6374786067460448,2,0
286,0,1,male,4.0,1,2,47.35879634074372,1,False,True,False,-1.4959898027272664,0.5644649830110116,4,0
287,0,2,female,38.0,0,0,26.638945798748534,0,False,True,False,0.7770767826768925,-0.31454684769763447,1,1
288,0,2,female,22.0,0,1,21.392776892647777,0,False,True,False,-0.29260161045447647,-0.537108517484387,2,0
289,0,2,male,27.0,0,0,22.299846204757348,1,False,True,False,0.041672887399076354,-0.4986273201899838,1,1
290,0,2,male,2.0,0,0,25.704864827507695,1,False,False,False,-1.6296996018686876,-0.354173978351708,1,1
291,0,1,male,2.0,3,0,53.36582605683392,1,False,True,False,-1.6296996018686876,0.819305150760273,4,0
292,0,1,female,22.0,0,1,74.0422554897124,0,False,True,False,-0.29260161045447647,1.6964748992329146,2,0
293,1,3,male,2.0,0,0,89.92207984261105,1,False,False,False,-1.6296996018686876,2.3701551194392265,1,1
294,0,2,female,27.0,0,0,53.63028891367093,0,False,False,False,0.041672887399076354,0.8305246322652954,1,1
295,0,3,male,27.0,0,0,18.617918768121537,1,False,False,False,0.041672887399076354,-0.6548281465450752,1,1
296,0,1,female,14.0,1,1,42.20551804043061,0,False,True,False,-0.827440807020161,0.34584407241475307,3,0
297,1,1,female,2.0,0,0,24.516424800946815,0,False,True,False,-1.6296996018686876,-0.4045919503017179,1,1
298,0,1,male,38.0,1,0,16.06787120746933,1,False,False,True,0.7770767826768925,-0.7630104893732667,2,0
299,1,1,female,27.0,0,0,62.391311785717356,0,False,False,False,0.041672887399076354,1.2021992608071037,1,1
300,0,1,female,2.0,3,1,8.425523502312682,0,False,True,False,-1.6296996018686876,-1.0872268264364244,5,0
